entity_id,entity_key,kingdom,species,genus,activity,metabolite,confidence,evidence,observed,genome_accession,fasta_path
FG_aspergillus_fumigatus_GCF_000002655.1,FG_aspergillus_fumigatus_GCF_000002655.1 | aspergillus fumigatus,fungi,aspergillus fumigatus,aspergillus,utilization,cellulose,0.9,protein annotation (predicted),False,GCF_000002655.1,data/genomes_fungi/aspergillus_fumigatus/GCF_000002655.1/ncbi_dataset/data/GCF_000002655.1/protein.faa
FG_aspergillus_fumigatus_GCF_000002655.1,FG_aspergillus_fumigatus_GCF_000002655.1 | aspergillus fumigatus,fungi,aspergillus fumigatus,aspergillus,utilization,xylan,0.9,protein annotation (predicted),False,GCF_000002655.1,data/genomes_fungi/aspergillus_fumigatus/GCF_000002655.1/ncbi_dataset/data/GCF_000002655.1/protein.faa
FG_aspergillus_fumigatus_GCF_000002655.1,FG_aspergillus_fumigatus_GCF_000002655.1 | aspergillus fumigatus,fungi,aspergillus fumigatus,aspergillus,utilization,starch,0.9,protein annotation (predicted),False,GCF_000002655.1,data/genomes_fungi/aspergillus_fumigatus/GCF_000002655.1/ncbi_dataset/data/GCF_000002655.1/protein.faa
FG_aspergillus_fumigatus_GCF_000002655.1,FG_aspergillus_fumigatus_GCF_000002655.1 | aspergillus fumigatus,fungi,aspergillus fumigatus,aspergillus,utilization,chitin,0.9,protein annotation (predicted),False,GCF_000002655.1,data/genomes_fungi/aspergillus_fumigatus/GCF_000002655.1/ncbi_dataset/data/GCF_000002655.1/protein.faa
FG_aspergillus_fumigatus_GCF_000002655.1,FG_aspergillus_fumigatus_GCF_000002655.1 | aspergillus fumigatus,fungi,aspergillus fumigatus,aspergillus,utilization,pectin,0.9,protein annotation (predicted),False,GCF_000002655.1,data/genomes_fungi/aspergillus_fumigatus/GCF_000002655.1/ncbi_dataset/data/GCF_000002655.1/protein.faa
FG_aspergillus_fumigatus_GCF_000002655.1,FG_aspergillus_fumigatus_GCF_000002655.1 | aspergillus fumigatus,fungi,aspergillus fumigatus,aspergillus,utilization,lactose,0.9,protein annotation (predicted),False,GCF_000002655.1,data/genomes_fungi/aspergillus_fumigatus/GCF_000002655.1/ncbi_dataset/data/GCF_000002655.1/protein.faa
FG_aspergillus_fumigatus_GCF_000002655.1,FG_aspergillus_fumigatus_GCF_000002655.1 | aspergillus fumigatus,fungi,aspergillus fumigatus,aspergillus,utilization,sucrose,0.9,protein annotation (predicted),False,GCF_000002655.1,data/genomes_fungi/aspergillus_fumigatus/GCF_000002655.1/ncbi_dataset/data/GCF_000002655.1/protein.faa
FG_aspergillus_fumigatus_GCF_000002655.1,FG_aspergillus_fumigatus_GCF_000002655.1 | aspergillus fumigatus,fungi,aspergillus fumigatus,aspergillus,utilization,mannan,0.9,protein annotation (predicted),False,GCF_000002655.1,data/genomes_fungi/aspergillus_fumigatus/GCF_000002655.1/ncbi_dataset/data/GCF_000002655.1/protein.faa
FG_aspergillus_fumigatus_GCF_000002655.1,FG_aspergillus_fumigatus_GCF_000002655.1 | aspergillus fumigatus,fungi,aspergillus fumigatus,aspergillus,utilization,arabinose,0.9,protein annotation (predicted),False,GCF_000002655.1,data/genomes_fungi/aspergillus_fumigatus/GCF_000002655.1/ncbi_dataset/data/GCF_000002655.1/protein.faa
FG_aspergillus_fumigatus_GCF_000002655.1,FG_aspergillus_fumigatus_GCF_000002655.1 | aspergillus fumigatus,fungi,aspergillus fumigatus,aspergillus,utilization,glucose,0.9,protein annotation (predicted),False,GCF_000002655.1,data/genomes_fungi/aspergillus_fumigatus/GCF_000002655.1/ncbi_dataset/data/GCF_000002655.1/protein.faa
FG_aspergillus_fumigatus_GCF_000002655.1,FG_aspergillus_fumigatus_GCF_000002655.1 | aspergillus fumigatus,fungi,aspergillus fumigatus,aspergillus,utilization,fructose,0.9,protein annotation (predicted),False,GCF_000002655.1,data/genomes_fungi/aspergillus_fumigatus/GCF_000002655.1/ncbi_dataset/data/GCF_000002655.1/protein.faa
FG_aspergillus_fumigatus_GCF_000002655.1,FG_aspergillus_fumigatus_GCF_000002655.1 | aspergillus fumigatus,fungi,aspergillus fumigatus,aspergillus,utilization,maltose,0.875,protein annotation (predicted),False,GCF_000002655.1,data/genomes_fungi/aspergillus_fumigatus/GCF_000002655.1/ncbi_dataset/data/GCF_000002655.1/protein.faa
FG_aspergillus_nidulans_GCF_000149205.2,FG_aspergillus_nidulans_GCF_000149205.2 | aspergillus nidulans,fungi,aspergillus nidulans,aspergillus,utilization,xylan,0.875,protein annotation (predicted),False,GCF_000149205.2,data/genomes_fungi/aspergillus_nidulans/GCF_000149205.2/ncbi_dataset/data/GCF_000149205.2/protein.faa
FG_aspergillus_nidulans_GCF_000149205.2,FG_aspergillus_nidulans_GCF_000149205.2 | aspergillus nidulans,fungi,aspergillus nidulans,aspergillus,utilization,starch,0.75,protein annotation (predicted),False,GCF_000149205.2,data/genomes_fungi/aspergillus_nidulans/GCF_000149205.2/ncbi_dataset/data/GCF_000149205.2/protein.faa
FG_aspergillus_nidulans_GCF_000149205.2,FG_aspergillus_nidulans_GCF_000149205.2 | aspergillus nidulans,fungi,aspergillus nidulans,aspergillus,utilization,chitin,0.75,protein annotation (predicted),False,GCF_000149205.2,data/genomes_fungi/aspergillus_nidulans/GCF_000149205.2/ncbi_dataset/data/GCF_000149205.2/protein.faa
FG_aspergillus_nidulans_GCF_000149205.2,FG_aspergillus_nidulans_GCF_000149205.2 | aspergillus nidulans,fungi,aspergillus nidulans,aspergillus,utilization,pectin,0.5,protein annotation (predicted),False,GCF_000149205.2,data/genomes_fungi/aspergillus_nidulans/GCF_000149205.2/ncbi_dataset/data/GCF_000149205.2/protein.faa
FG_aspergillus_nidulans_GCF_000149205.2,FG_aspergillus_nidulans_GCF_000149205.2 | aspergillus nidulans,fungi,aspergillus nidulans,aspergillus,utilization,glucose,0.875,protein annotation (predicted),False,GCF_000149205.2,data/genomes_fungi/aspergillus_nidulans/GCF_000149205.2/ncbi_dataset/data/GCF_000149205.2/protein.faa
FG_aspergillus_nidulans_GCF_000149205.2,FG_aspergillus_nidulans_GCF_000149205.2 | aspergillus nidulans,fungi,aspergillus nidulans,aspergillus,utilization,fructose,0.5,protein annotation (predicted),False,GCF_000149205.2,data/genomes_fungi/aspergillus_nidulans/GCF_000149205.2/ncbi_dataset/data/GCF_000149205.2/protein.faa
FG_aspergillus_niger_GCF_000002855.4,FG_aspergillus_niger_GCF_000002855.4 | aspergillus niger,fungi,aspergillus niger,aspergillus,utilization,cellulose,0.9,protein annotation (predicted),False,GCF_000002855.4,data/genomes_fungi/aspergillus_niger/GCF_000002855.4/ncbi_dataset/data/GCF_000002855.4/protein.faa
FG_aspergillus_niger_GCF_000002855.4,FG_aspergillus_niger_GCF_000002855.4 | aspergillus niger,fungi,aspergillus niger,aspergillus,utilization,xylan,0.9,protein annotation (predicted),False,GCF_000002855.4,data/genomes_fungi/aspergillus_niger/GCF_000002855.4/ncbi_dataset/data/GCF_000002855.4/protein.faa
FG_aspergillus_niger_GCF_000002855.4,FG_aspergillus_niger_GCF_000002855.4 | aspergillus niger,fungi,aspergillus niger,aspergillus,utilization,starch,0.875,protein annotation (predicted),False,GCF_000002855.4,data/genomes_fungi/aspergillus_niger/GCF_000002855.4/ncbi_dataset/data/GCF_000002855.4/protein.faa
FG_aspergillus_niger_GCF_000002855.4,FG_aspergillus_niger_GCF_000002855.4 | aspergillus niger,fungi,aspergillus niger,aspergillus,utilization,pectin,0.9,protein annotation (predicted),False,GCF_000002855.4,data/genomes_fungi/aspergillus_niger/GCF_000002855.4/ncbi_dataset/data/GCF_000002855.4/protein.faa
FG_aspergillus_niger_GCF_000002855.4,FG_aspergillus_niger_GCF_000002855.4 | aspergillus niger,fungi,aspergillus niger,aspergillus,utilization,lactose,0.5,protein annotation (predicted),False,GCF_000002855.4,data/genomes_fungi/aspergillus_niger/GCF_000002855.4/ncbi_dataset/data/GCF_000002855.4/protein.faa
FG_aspergillus_niger_GCF_000002855.4,FG_aspergillus_niger_GCF_000002855.4 | aspergillus niger,fungi,aspergillus niger,aspergillus,utilization,mannan,0.5,protein annotation (predicted),False,GCF_000002855.4,data/genomes_fungi/aspergillus_niger/GCF_000002855.4/ncbi_dataset/data/GCF_000002855.4/protein.faa
FG_aspergillus_niger_GCF_000002855.4,FG_aspergillus_niger_GCF_000002855.4 | aspergillus niger,fungi,aspergillus niger,aspergillus,utilization,arabinose,0.75,protein annotation (predicted),False,GCF_000002855.4,data/genomes_fungi/aspergillus_niger/GCF_000002855.4/ncbi_dataset/data/GCF_000002855.4/protein.faa
FG_aspergillus_niger_GCF_000002855.4,FG_aspergillus_niger_GCF_000002855.4 | aspergillus niger,fungi,aspergillus niger,aspergillus,utilization,glucose,0.75,protein annotation (predicted),False,GCF_000002855.4,data/genomes_fungi/aspergillus_niger/GCF_000002855.4/ncbi_dataset/data/GCF_000002855.4/protein.faa
FG_aspergillus_niger_GCF_000002855.4,FG_aspergillus_niger_GCF_000002855.4 | aspergillus niger,fungi,aspergillus niger,aspergillus,utilization,fructose,0.5,protein annotation (predicted),False,GCF_000002855.4,data/genomes_fungi/aspergillus_niger/GCF_000002855.4/ncbi_dataset/data/GCF_000002855.4/protein.faa
FG_aspergillus_niger_GCF_000002855.4,FG_aspergillus_niger_GCF_000002855.4 | aspergillus niger,fungi,aspergillus niger,aspergillus,utilization,maltose,0.5,protein annotation (predicted),False,GCF_000002855.4,data/genomes_fungi/aspergillus_niger/GCF_000002855.4/ncbi_dataset/data/GCF_000002855.4/protein.faa
FG_aspergillus_oryzae_GCF_000184455.2,FG_aspergillus_oryzae_GCF_000184455.2 | aspergillus oryzae,fungi,aspergillus oryzae,aspergillus,utilization,cellulose,0.9,protein annotation (predicted),False,GCF_000184455.2,data/genomes_fungi/aspergillus_oryzae/GCF_000184455.2/ncbi_dataset/data/GCF_000184455.2/protein.faa
FG_aspergillus_oryzae_GCF_000184455.2,FG_aspergillus_oryzae_GCF_000184455.2 | aspergillus oryzae,fungi,aspergillus oryzae,aspergillus,utilization,xylan,0.9,protein annotation (predicted),False,GCF_000184455.2,data/genomes_fungi/aspergillus_oryzae/GCF_000184455.2/ncbi_dataset/data/GCF_000184455.2/protein.faa
FG_aspergillus_oryzae_GCF_000184455.2,FG_aspergillus_oryzae_GCF_000184455.2 | aspergillus oryzae,fungi,aspergillus oryzae,aspergillus,utilization,starch,0.9,protein annotation (predicted),False,GCF_000184455.2,data/genomes_fungi/aspergillus_oryzae/GCF_000184455.2/ncbi_dataset/data/GCF_000184455.2/protein.faa
FG_aspergillus_oryzae_GCF_000184455.2,FG_aspergillus_oryzae_GCF_000184455.2 | aspergillus oryzae,fungi,aspergillus oryzae,aspergillus,utilization,chitin,0.9,protein annotation (predicted),False,GCF_000184455.2,data/genomes_fungi/aspergillus_oryzae/GCF_000184455.2/ncbi_dataset/data/GCF_000184455.2/protein.faa
FG_aspergillus_oryzae_GCF_000184455.2,FG_aspergillus_oryzae_GCF_000184455.2 | aspergillus oryzae,fungi,aspergillus oryzae,aspergillus,utilization,pectin,0.9,protein annotation (predicted),False,GCF_000184455.2,data/genomes_fungi/aspergillus_oryzae/GCF_000184455.2/ncbi_dataset/data/GCF_000184455.2/protein.faa
FG_aspergillus_oryzae_GCF_000184455.2,FG_aspergillus_oryzae_GCF_000184455.2 | aspergillus oryzae,fungi,aspergillus oryzae,aspergillus,utilization,lactose,0.9,protein annotation (predicted),False,GCF_000184455.2,data/genomes_fungi/aspergillus_oryzae/GCF_000184455.2/ncbi_dataset/data/GCF_000184455.2/protein.faa
FG_aspergillus_oryzae_GCF_000184455.2,FG_aspergillus_oryzae_GCF_000184455.2 | aspergillus oryzae,fungi,aspergillus oryzae,aspergillus,utilization,sucrose,0.9,protein annotation (predicted),False,GCF_000184455.2,data/genomes_fungi/aspergillus_oryzae/GCF_000184455.2/ncbi_dataset/data/GCF_000184455.2/protein.faa
FG_aspergillus_oryzae_GCF_000184455.2,FG_aspergillus_oryzae_GCF_000184455.2 | aspergillus oryzae,fungi,aspergillus oryzae,aspergillus,utilization,mannan,0.9,protein annotation (predicted),False,GCF_000184455.2,data/genomes_fungi/aspergillus_oryzae/GCF_000184455.2/ncbi_dataset/data/GCF_000184455.2/protein.faa
FG_aspergillus_oryzae_GCF_000184455.2,FG_aspergillus_oryzae_GCF_000184455.2 | aspergillus oryzae,fungi,aspergillus oryzae,aspergillus,utilization,arabinose,0.9,protein annotation (predicted),False,GCF_000184455.2,data/genomes_fungi/aspergillus_oryzae/GCF_000184455.2/ncbi_dataset/data/GCF_000184455.2/protein.faa
FG_aspergillus_oryzae_GCF_000184455.2,FG_aspergillus_oryzae_GCF_000184455.2 | aspergillus oryzae,fungi,aspergillus oryzae,aspergillus,utilization,glucose,0.9,protein annotation (predicted),False,GCF_000184455.2,data/genomes_fungi/aspergillus_oryzae/GCF_000184455.2/ncbi_dataset/data/GCF_000184455.2/protein.faa
FG_aspergillus_oryzae_GCF_000184455.2,FG_aspergillus_oryzae_GCF_000184455.2 | aspergillus oryzae,fungi,aspergillus oryzae,aspergillus,utilization,fructose,0.9,protein annotation (predicted),False,GCF_000184455.2,data/genomes_fungi/aspergillus_oryzae/GCF_000184455.2/ncbi_dataset/data/GCF_000184455.2/protein.faa
FG_aspergillus_oryzae_GCF_000184455.2,FG_aspergillus_oryzae_GCF_000184455.2 | aspergillus oryzae,fungi,aspergillus oryzae,aspergillus,utilization,maltose,0.875,protein annotation (predicted),False,GCF_000184455.2,data/genomes_fungi/aspergillus_oryzae/GCF_000184455.2/ncbi_dataset/data/GCF_000184455.2/protein.faa
FG_aspergillus_terreus_GCF_000149615.1,FG_aspergillus_terreus_GCF_000149615.1 | aspergillus terreus,fungi,aspergillus terreus,aspergillus,utilization,cellulose,0.9,protein annotation (predicted),False,GCF_000149615.1,data/genomes_fungi/aspergillus_terreus/GCF_000149615.1/ncbi_dataset/data/GCF_000149615.1/protein.faa
FG_aspergillus_terreus_GCF_000149615.1,FG_aspergillus_terreus_GCF_000149615.1 | aspergillus terreus,fungi,aspergillus terreus,aspergillus,utilization,xylan,0.9,protein annotation (predicted),False,GCF_000149615.1,data/genomes_fungi/aspergillus_terreus/GCF_000149615.1/ncbi_dataset/data/GCF_000149615.1/protein.faa
FG_aspergillus_terreus_GCF_000149615.1,FG_aspergillus_terreus_GCF_000149615.1 | aspergillus terreus,fungi,aspergillus terreus,aspergillus,utilization,starch,0.9,protein annotation (predicted),False,GCF_000149615.1,data/genomes_fungi/aspergillus_terreus/GCF_000149615.1/ncbi_dataset/data/GCF_000149615.1/protein.faa
FG_aspergillus_terreus_GCF_000149615.1,FG_aspergillus_terreus_GCF_000149615.1 | aspergillus terreus,fungi,aspergillus terreus,aspergillus,utilization,chitin,0.9,protein annotation (predicted),False,GCF_000149615.1,data/genomes_fungi/aspergillus_terreus/GCF_000149615.1/ncbi_dataset/data/GCF_000149615.1/protein.faa
FG_aspergillus_terreus_GCF_000149615.1,FG_aspergillus_terreus_GCF_000149615.1 | aspergillus terreus,fungi,aspergillus terreus,aspergillus,utilization,pectin,0.9,protein annotation (predicted),False,GCF_000149615.1,data/genomes_fungi/aspergillus_terreus/GCF_000149615.1/ncbi_dataset/data/GCF_000149615.1/protein.faa
FG_aspergillus_terreus_GCF_000149615.1,FG_aspergillus_terreus_GCF_000149615.1 | aspergillus terreus,fungi,aspergillus terreus,aspergillus,utilization,lactose,0.9,protein annotation (predicted),False,GCF_000149615.1,data/genomes_fungi/aspergillus_terreus/GCF_000149615.1/ncbi_dataset/data/GCF_000149615.1/protein.faa
FG_aspergillus_terreus_GCF_000149615.1,FG_aspergillus_terreus_GCF_000149615.1 | aspergillus terreus,fungi,aspergillus terreus,aspergillus,utilization,sucrose,0.9,protein annotation (predicted),False,GCF_000149615.1,data/genomes_fungi/aspergillus_terreus/GCF_000149615.1/ncbi_dataset/data/GCF_000149615.1/protein.faa
FG_aspergillus_terreus_GCF_000149615.1,FG_aspergillus_terreus_GCF_000149615.1 | aspergillus terreus,fungi,aspergillus terreus,aspergillus,utilization,mannan,0.9,protein annotation (predicted),False,GCF_000149615.1,data/genomes_fungi/aspergillus_terreus/GCF_000149615.1/ncbi_dataset/data/GCF_000149615.1/protein.faa
FG_aspergillus_terreus_GCF_000149615.1,FG_aspergillus_terreus_GCF_000149615.1 | aspergillus terreus,fungi,aspergillus terreus,aspergillus,utilization,arabinose,0.9,protein annotation (predicted),False,GCF_000149615.1,data/genomes_fungi/aspergillus_terreus/GCF_000149615.1/ncbi_dataset/data/GCF_000149615.1/protein.faa
FG_aspergillus_terreus_GCF_000149615.1,FG_aspergillus_terreus_GCF_000149615.1 | aspergillus terreus,fungi,aspergillus terreus,aspergillus,utilization,glucose,0.9,protein annotation (predicted),False,GCF_000149615.1,data/genomes_fungi/aspergillus_terreus/GCF_000149615.1/ncbi_dataset/data/GCF_000149615.1/protein.faa
FG_aspergillus_terreus_GCF_000149615.1,FG_aspergillus_terreus_GCF_000149615.1 | aspergillus terreus,fungi,aspergillus terreus,aspergillus,utilization,fructose,0.9,protein annotation (predicted),False,GCF_000149615.1,data/genomes_fungi/aspergillus_terreus/GCF_000149615.1/ncbi_dataset/data/GCF_000149615.1/protein.faa
FG_aspergillus_terreus_GCF_000149615.1,FG_aspergillus_terreus_GCF_000149615.1 | aspergillus terreus,fungi,aspergillus terreus,aspergillus,utilization,maltose,0.75,protein annotation (predicted),False,GCF_000149615.1,data/genomes_fungi/aspergillus_terreus/GCF_000149615.1/ncbi_dataset/data/GCF_000149615.1/protein.faa
FG_candida_albicans_GCF_000182965.3,FG_candida_albicans_GCF_000182965.3 | candida albicans,fungi,candida albicans,candida,utilization,starch,0.75,protein annotation (predicted),False,GCF_000182965.3,data/genomes_fungi/candida_albicans/GCF_000182965.3/ncbi_dataset/data/GCF_000182965.3/protein.faa
FG_candida_albicans_GCF_000182965.3,FG_candida_albicans_GCF_000182965.3 | candida albicans,fungi,candida albicans,candida,utilization,chitin,0.9,protein annotation (predicted),False,GCF_000182965.3,data/genomes_fungi/candida_albicans/GCF_000182965.3/ncbi_dataset/data/GCF_000182965.3/protein.faa
FG_candida_albicans_GCF_000182965.3,FG_candida_albicans_GCF_000182965.3 | candida albicans,fungi,candida albicans,candida,utilization,lactose,0.5,protein annotation (predicted),False,GCF_000182965.3,data/genomes_fungi/candida_albicans/GCF_000182965.3/ncbi_dataset/data/GCF_000182965.3/protein.faa
FG_candida_albicans_GCF_000182965.3,FG_candida_albicans_GCF_000182965.3 | candida albicans,fungi,candida albicans,candida,utilization,mannan,0.9,protein annotation (predicted),False,GCF_000182965.3,data/genomes_fungi/candida_albicans/GCF_000182965.3/ncbi_dataset/data/GCF_000182965.3/protein.faa
FG_candida_albicans_GCF_000182965.3,FG_candida_albicans_GCF_000182965.3 | candida albicans,fungi,candida albicans,candida,utilization,arabinose,0.75,protein annotation (predicted),False,GCF_000182965.3,data/genomes_fungi/candida_albicans/GCF_000182965.3/ncbi_dataset/data/GCF_000182965.3/protein.faa
FG_candida_albicans_GCF_000182965.3,FG_candida_albicans_GCF_000182965.3 | candida albicans,fungi,candida albicans,candida,utilization,glucose,0.9,protein annotation (predicted),False,GCF_000182965.3,data/genomes_fungi/candida_albicans/GCF_000182965.3/ncbi_dataset/data/GCF_000182965.3/protein.faa
FG_candida_albicans_GCF_000182965.3,FG_candida_albicans_GCF_000182965.3 | candida albicans,fungi,candida albicans,candida,utilization,fructose,0.9,protein annotation (predicted),False,GCF_000182965.3,data/genomes_fungi/candida_albicans/GCF_000182965.3/ncbi_dataset/data/GCF_000182965.3/protein.faa
FG_candida_albicans_GCF_000182965.3,FG_candida_albicans_GCF_000182965.3 | candida albicans,fungi,candida albicans,candida,utilization,maltose,0.5,protein annotation (predicted),False,GCF_000182965.3,data/genomes_fungi/candida_albicans/GCF_000182965.3/ncbi_dataset/data/GCF_000182965.3/protein.faa
FG_cryptococcus_neoformans_GCF_000091045.1,FG_cryptococcus_neoformans_GCF_000091045.1 | cryptococcus neoformans,fungi,cryptococcus neoformans,cryptococcus,utilization,cellulose,0.75,protein annotation (predicted),False,GCF_000091045.1,data/genomes_fungi/cryptococcus_neoformans/GCF_000091045.1/ncbi_dataset/data/GCF_000091045.1/protein.faa
FG_cryptococcus_neoformans_GCF_000091045.1,FG_cryptococcus_neoformans_GCF_000091045.1 | cryptococcus neoformans,fungi,cryptococcus neoformans,cryptococcus,utilization,starch,0.9,protein annotation (predicted),False,GCF_000091045.1,data/genomes_fungi/cryptococcus_neoformans/GCF_000091045.1/ncbi_dataset/data/GCF_000091045.1/protein.faa
FG_cryptococcus_neoformans_GCF_000091045.1,FG_cryptococcus_neoformans_GCF_000091045.1 | cryptococcus neoformans,fungi,cryptococcus neoformans,cryptococcus,utilization,chitin,0.9,protein annotation (predicted),False,GCF_000091045.1,data/genomes_fungi/cryptococcus_neoformans/GCF_000091045.1/ncbi_dataset/data/GCF_000091045.1/protein.faa
FG_cryptococcus_neoformans_GCF_000091045.1,FG_cryptococcus_neoformans_GCF_000091045.1 | cryptococcus neoformans,fungi,cryptococcus neoformans,cryptococcus,utilization,pectin,0.5,protein annotation (predicted),False,GCF_000091045.1,data/genomes_fungi/cryptococcus_neoformans/GCF_000091045.1/ncbi_dataset/data/GCF_000091045.1/protein.faa
FG_cryptococcus_neoformans_GCF_000091045.1,FG_cryptococcus_neoformans_GCF_000091045.1 | cryptococcus neoformans,fungi,cryptococcus neoformans,cryptococcus,utilization,lactose,0.9,protein annotation (predicted),False,GCF_000091045.1,data/genomes_fungi/cryptococcus_neoformans/GCF_000091045.1/ncbi_dataset/data/GCF_000091045.1/protein.faa
FG_cryptococcus_neoformans_GCF_000091045.1,FG_cryptococcus_neoformans_GCF_000091045.1 | cryptococcus neoformans,fungi,cryptococcus neoformans,cryptococcus,utilization,mannan,0.875,protein annotation (predicted),False,GCF_000091045.1,data/genomes_fungi/cryptococcus_neoformans/GCF_000091045.1/ncbi_dataset/data/GCF_000091045.1/protein.faa
FG_cryptococcus_neoformans_GCF_000091045.1,FG_cryptococcus_neoformans_GCF_000091045.1 | cryptococcus neoformans,fungi,cryptococcus neoformans,cryptococcus,utilization,arabinose,0.5,protein annotation (predicted),False,GCF_000091045.1,data/genomes_fungi/cryptococcus_neoformans/GCF_000091045.1/ncbi_dataset/data/GCF_000091045.1/protein.faa
FG_cryptococcus_neoformans_GCF_000091045.1,FG_cryptococcus_neoformans_GCF_000091045.1 | cryptococcus neoformans,fungi,cryptococcus neoformans,cryptococcus,utilization,glucose,0.75,protein annotation (predicted),False,GCF_000091045.1,data/genomes_fungi/cryptococcus_neoformans/GCF_000091045.1/ncbi_dataset/data/GCF_000091045.1/protein.faa
FG_cryptococcus_neoformans_GCF_000091045.1,FG_cryptococcus_neoformans_GCF_000091045.1 | cryptococcus neoformans,fungi,cryptococcus neoformans,cryptococcus,utilization,fructose,0.9,protein annotation (predicted),False,GCF_000091045.1,data/genomes_fungi/cryptococcus_neoformans/GCF_000091045.1/ncbi_dataset/data/GCF_000091045.1/protein.faa
FG_cryptococcus_neoformans_GCF_000091045.1,FG_cryptococcus_neoformans_GCF_000091045.1 | cryptococcus neoformans,fungi,cryptococcus neoformans,cryptococcus,utilization,maltose,0.875,protein annotation (predicted),False,GCF_000091045.1,data/genomes_fungi/cryptococcus_neoformans/GCF_000091045.1/ncbi_dataset/data/GCF_000091045.1/protein.faa
FG_fusarium_graminearum_GCF_000240135.3,FG_fusarium_graminearum_GCF_000240135.3 | fusarium graminearum,fungi,fusarium graminearum,fusarium,utilization,cellulose,0.9,protein annotation (predicted),False,GCF_000240135.3,data/genomes_fungi/fusarium_graminearum/GCF_000240135.3/ncbi_dataset/data/GCF_000240135.3/protein.faa
FG_fusarium_graminearum_GCF_000240135.3,FG_fusarium_graminearum_GCF_000240135.3 | fusarium graminearum,fungi,fusarium graminearum,fusarium,utilization,xylan,0.9,protein annotation (predicted),False,GCF_000240135.3,data/genomes_fungi/fusarium_graminearum/GCF_000240135.3/ncbi_dataset/data/GCF_000240135.3/protein.faa
FG_fusarium_graminearum_GCF_000240135.3,FG_fusarium_graminearum_GCF_000240135.3 | fusarium graminearum,fungi,fusarium graminearum,fusarium,utilization,starch,0.75,protein annotation (predicted),False,GCF_000240135.3,data/genomes_fungi/fusarium_graminearum/GCF_000240135.3/ncbi_dataset/data/GCF_000240135.3/protein.faa
FG_fusarium_graminearum_GCF_000240135.3,FG_fusarium_graminearum_GCF_000240135.3 | fusarium graminearum,fungi,fusarium graminearum,fusarium,utilization,chitin,0.9,protein annotation (predicted),False,GCF_000240135.3,data/genomes_fungi/fusarium_graminearum/GCF_000240135.3/ncbi_dataset/data/GCF_000240135.3/protein.faa
FG_fusarium_graminearum_GCF_000240135.3,FG_fusarium_graminearum_GCF_000240135.3 | fusarium graminearum,fungi,fusarium graminearum,fusarium,utilization,pectin,0.9,protein annotation (predicted),False,GCF_000240135.3,data/genomes_fungi/fusarium_graminearum/GCF_000240135.3/ncbi_dataset/data/GCF_000240135.3/protein.faa
FG_fusarium_graminearum_GCF_000240135.3,FG_fusarium_graminearum_GCF_000240135.3 | fusarium graminearum,fungi,fusarium graminearum,fusarium,utilization,lactose,0.9,protein annotation (predicted),False,GCF_000240135.3,data/genomes_fungi/fusarium_graminearum/GCF_000240135.3/ncbi_dataset/data/GCF_000240135.3/protein.faa
FG_fusarium_graminearum_GCF_000240135.3,FG_fusarium_graminearum_GCF_000240135.3 | fusarium graminearum,fungi,fusarium graminearum,fusarium,utilization,mannan,0.75,protein annotation (predicted),False,GCF_000240135.3,data/genomes_fungi/fusarium_graminearum/GCF_000240135.3/ncbi_dataset/data/GCF_000240135.3/protein.faa
FG_fusarium_graminearum_GCF_000240135.3,FG_fusarium_graminearum_GCF_000240135.3 | fusarium graminearum,fungi,fusarium graminearum,fusarium,utilization,arabinose,0.9,protein annotation (predicted),False,GCF_000240135.3,data/genomes_fungi/fusarium_graminearum/GCF_000240135.3/ncbi_dataset/data/GCF_000240135.3/protein.faa
FG_fusarium_graminearum_GCF_000240135.3,FG_fusarium_graminearum_GCF_000240135.3 | fusarium graminearum,fungi,fusarium graminearum,fusarium,utilization,glucose,0.875,protein annotation (predicted),False,GCF_000240135.3,data/genomes_fungi/fusarium_graminearum/GCF_000240135.3/ncbi_dataset/data/GCF_000240135.3/protein.faa
FG_fusarium_graminearum_GCF_000240135.3,FG_fusarium_graminearum_GCF_000240135.3 | fusarium graminearum,fungi,fusarium graminearum,fusarium,utilization,fructose,0.9,protein annotation (predicted),False,GCF_000240135.3,data/genomes_fungi/fusarium_graminearum/GCF_000240135.3/ncbi_dataset/data/GCF_000240135.3/protein.faa
FG_kluyveromyces_marxianus_GCF_001417885.1,FG_kluyveromyces_marxianus_GCF_001417885.1 | kluyveromyces marxianus,fungi,kluyveromyces marxianus,kluyveromyces,utilization,cellulose,0.75,protein annotation (predicted),False,GCF_001417885.1,data/genomes_fungi/kluyveromyces_marxianus/GCF_001417885.1/ncbi_dataset/data/GCF_001417885.1/protein.faa
FG_kluyveromyces_marxianus_GCF_001417885.1,FG_kluyveromyces_marxianus_GCF_001417885.1 | kluyveromyces marxianus,fungi,kluyveromyces marxianus,kluyveromyces,utilization,starch,0.75,protein annotation (predicted),False,GCF_001417885.1,data/genomes_fungi/kluyveromyces_marxianus/GCF_001417885.1/ncbi_dataset/data/GCF_001417885.1/protein.faa
FG_kluyveromyces_marxianus_GCF_001417885.1,FG_kluyveromyces_marxianus_GCF_001417885.1 | kluyveromyces marxianus,fungi,kluyveromyces marxianus,kluyveromyces,utilization,chitin,0.9,protein annotation (predicted),False,GCF_001417885.1,data/genomes_fungi/kluyveromyces_marxianus/GCF_001417885.1/ncbi_dataset/data/GCF_001417885.1/protein.faa
FG_kluyveromyces_marxianus_GCF_001417885.1,FG_kluyveromyces_marxianus_GCF_001417885.1 | kluyveromyces marxianus,fungi,kluyveromyces marxianus,kluyveromyces,utilization,pectin,0.5,protein annotation (predicted),False,GCF_001417885.1,data/genomes_fungi/kluyveromyces_marxianus/GCF_001417885.1/ncbi_dataset/data/GCF_001417885.1/protein.faa
FG_kluyveromyces_marxianus_GCF_001417885.1,FG_kluyveromyces_marxianus_GCF_001417885.1 | kluyveromyces marxianus,fungi,kluyveromyces marxianus,kluyveromyces,utilization,lactose,0.9,protein annotation (predicted),False,GCF_001417885.1,data/genomes_fungi/kluyveromyces_marxianus/GCF_001417885.1/ncbi_dataset/data/GCF_001417885.1/protein.faa
FG_kluyveromyces_marxianus_GCF_001417885.1,FG_kluyveromyces_marxianus_GCF_001417885.1 | kluyveromyces marxianus,fungi,kluyveromyces marxianus,kluyveromyces,utilization,mannan,0.9,protein annotation (predicted),False,GCF_001417885.1,data/genomes_fungi/kluyveromyces_marxianus/GCF_001417885.1/ncbi_dataset/data/GCF_001417885.1/protein.faa
FG_kluyveromyces_marxianus_GCF_001417885.1,FG_kluyveromyces_marxianus_GCF_001417885.1 | kluyveromyces marxianus,fungi,kluyveromyces marxianus,kluyveromyces,utilization,arabinose,0.75,protein annotation (predicted),False,GCF_001417885.1,data/genomes_fungi/kluyveromyces_marxianus/GCF_001417885.1/ncbi_dataset/data/GCF_001417885.1/protein.faa
FG_kluyveromyces_marxianus_GCF_001417885.1,FG_kluyveromyces_marxianus_GCF_001417885.1 | kluyveromyces marxianus,fungi,kluyveromyces marxianus,kluyveromyces,utilization,glucose,0.9,protein annotation (predicted),False,GCF_001417885.1,data/genomes_fungi/kluyveromyces_marxianus/GCF_001417885.1/ncbi_dataset/data/GCF_001417885.1/protein.faa
FG_kluyveromyces_marxianus_GCF_001417885.1,FG_kluyveromyces_marxianus_GCF_001417885.1 | kluyveromyces marxianus,fungi,kluyveromyces marxianus,kluyveromyces,utilization,fructose,0.9,protein annotation (predicted),False,GCF_001417885.1,data/genomes_fungi/kluyveromyces_marxianus/GCF_001417885.1/ncbi_dataset/data/GCF_001417885.1/protein.faa
FG_komagataella_phaffii_GCF_000027005.1,FG_komagataella_phaffii_GCF_000027005.1 | komagataella phaffii,fungi,komagataella phaffii,komagataella,utilization,cellulose,0.5,protein annotation (predicted),False,GCF_000027005.1,data/genomes_fungi/komagataella_phaffii/GCF_000027005.1/ncbi_dataset/data/GCF_000027005.1/protein.faa
FG_komagataella_phaffii_GCF_000027005.1,FG_komagataella_phaffii_GCF_000027005.1 | komagataella phaffii,fungi,komagataella phaffii,komagataella,utilization,starch,0.75,protein annotation (predicted),False,GCF_000027005.1,data/genomes_fungi/komagataella_phaffii/GCF_000027005.1/ncbi_dataset/data/GCF_000027005.1/protein.faa
FG_komagataella_phaffii_GCF_000027005.1,FG_komagataella_phaffii_GCF_000027005.1 | komagataella phaffii,fungi,komagataella phaffii,komagataella,utilization,chitin,0.9,protein annotation (predicted),False,GCF_000027005.1,data/genomes_fungi/komagataella_phaffii/GCF_000027005.1/ncbi_dataset/data/GCF_000027005.1/protein.faa
FG_komagataella_phaffii_GCF_000027005.1,FG_komagataella_phaffii_GCF_000027005.1 | komagataella phaffii,fungi,komagataella phaffii,komagataella,utilization,lactose,0.75,protein annotation (predicted),False,GCF_000027005.1,data/genomes_fungi/komagataella_phaffii/GCF_000027005.1/ncbi_dataset/data/GCF_000027005.1/protein.faa
FG_komagataella_phaffii_GCF_000027005.1,FG_komagataella_phaffii_GCF_000027005.1 | komagataella phaffii,fungi,komagataella phaffii,komagataella,utilization,mannan,0.9,protein annotation (predicted),False,GCF_000027005.1,data/genomes_fungi/komagataella_phaffii/GCF_000027005.1/ncbi_dataset/data/GCF_000027005.1/protein.faa
FG_komagataella_phaffii_GCF_000027005.1,FG_komagataella_phaffii_GCF_000027005.1 | komagataella phaffii,fungi,komagataella phaffii,komagataella,utilization,arabinose,0.875,protein annotation (predicted),False,GCF_000027005.1,data/genomes_fungi/komagataella_phaffii/GCF_000027005.1/ncbi_dataset/data/GCF_000027005.1/protein.faa
FG_komagataella_phaffii_GCF_000027005.1,FG_komagataella_phaffii_GCF_000027005.1 | komagataella phaffii,fungi,komagataella phaffii,komagataella,utilization,glucose,0.9,protein annotation (predicted),False,GCF_000027005.1,data/genomes_fungi/komagataella_phaffii/GCF_000027005.1/ncbi_dataset/data/GCF_000027005.1/protein.faa
FG_komagataella_phaffii_GCF_000027005.1,FG_komagataella_phaffii_GCF_000027005.1 | komagataella phaffii,fungi,komagataella phaffii,komagataella,utilization,fructose,0.9,protein annotation (predicted),False,GCF_000027005.1,data/genomes_fungi/komagataella_phaffii/GCF_000027005.1/ncbi_dataset/data/GCF_000027005.1/protein.faa
FG_komagataella_phaffii_GCF_000027005.1,FG_komagataella_phaffii_GCF_000027005.1 | komagataella phaffii,fungi,komagataella phaffii,komagataella,utilization,maltose,0.5,protein annotation (predicted),False,GCF_000027005.1,data/genomes_fungi/komagataella_phaffii/GCF_000027005.1/ncbi_dataset/data/GCF_000027005.1/protein.faa
FG_laccaria_bicolor_GCF_000299015.1,FG_laccaria_bicolor_GCF_000299015.1 | laccaria bicolor,fungi,laccaria bicolor,laccaria,utilization,cellulose,0.9,protein annotation (predicted),False,GCF_000299015.1,data/genomes_fungi/laccaria_bicolor/GCF_000299015.1/ncbi_dataset/data/GCF_000299015.1/protein.faa
FG_laccaria_bicolor_GCF_000299015.1,FG_laccaria_bicolor_GCF_000299015.1 | laccaria bicolor,fungi,laccaria bicolor,laccaria,utilization,xylan,0.5,protein annotation (predicted),False,GCF_000299015.1,data/genomes_fungi/laccaria_bicolor/GCF_000299015.1/ncbi_dataset/data/GCF_000299015.1/protein.faa
FG_laccaria_bicolor_GCF_000299015.1,FG_laccaria_bicolor_GCF_000299015.1 | laccaria bicolor,fungi,laccaria bicolor,laccaria,utilization,starch,0.9,protein annotation (predicted),False,GCF_000299015.1,data/genomes_fungi/laccaria_bicolor/GCF_000299015.1/ncbi_dataset/data/GCF_000299015.1/protein.faa
FG_laccaria_bicolor_GCF_000299015.1,FG_laccaria_bicolor_GCF_000299015.1 | laccaria bicolor,fungi,laccaria bicolor,laccaria,utilization,lactose,0.9,protein annotation (predicted),False,GCF_000299015.1,data/genomes_fungi/laccaria_bicolor/GCF_000299015.1/ncbi_dataset/data/GCF_000299015.1/protein.faa
FG_laccaria_bicolor_GCF_000299015.1,FG_laccaria_bicolor_GCF_000299015.1 | laccaria bicolor,fungi,laccaria bicolor,laccaria,utilization,sucrose,0.9,protein annotation (predicted),False,GCF_000299015.1,data/genomes_fungi/laccaria_bicolor/GCF_000299015.1/ncbi_dataset/data/GCF_000299015.1/protein.faa
FG_laccaria_bicolor_GCF_000299015.1,FG_laccaria_bicolor_GCF_000299015.1 | laccaria bicolor,fungi,laccaria bicolor,laccaria,utilization,mannan,0.5,protein annotation (predicted),False,GCF_000299015.1,data/genomes_fungi/laccaria_bicolor/GCF_000299015.1/ncbi_dataset/data/GCF_000299015.1/protein.faa
FG_laccaria_bicolor_GCF_000299015.1,FG_laccaria_bicolor_GCF_000299015.1 | laccaria bicolor,fungi,laccaria bicolor,laccaria,utilization,glucose,0.875,protein annotation (predicted),False,GCF_000299015.1,data/genomes_fungi/laccaria_bicolor/GCF_000299015.1/ncbi_dataset/data/GCF_000299015.1/protein.faa
FG_laccaria_bicolor_GCF_000299015.1,FG_laccaria_bicolor_GCF_000299015.1 | laccaria bicolor,fungi,laccaria bicolor,laccaria,utilization,fructose,0.9,protein annotation (predicted),False,GCF_000299015.1,data/genomes_fungi/laccaria_bicolor/GCF_000299015.1/ncbi_dataset/data/GCF_000299015.1/protein.faa
FG_laccaria_bicolor_GCF_000299015.1,FG_laccaria_bicolor_GCF_000299015.1 | laccaria bicolor,fungi,laccaria bicolor,laccaria,utilization,maltose,0.5,protein annotation (predicted),False,GCF_000299015.1,data/genomes_fungi/laccaria_bicolor/GCF_000299015.1/ncbi_dataset/data/GCF_000299015.1/protein.faa
FG_magnaporthe_oryzae_GCF_000002495.2,FG_magnaporthe_oryzae_GCF_000002495.2 | magnaporthe oryzae,fungi,magnaporthe oryzae,magnaporthe,utilization,cellulose,0.9,protein annotation (predicted),False,GCF_000002495.2,data/genomes_fungi/magnaporthe_oryzae/GCF_000002495.2/ncbi_dataset/data/GCF_000002495.2/protein.faa
FG_magnaporthe_oryzae_GCF_000002495.2,FG_magnaporthe_oryzae_GCF_000002495.2 | magnaporthe oryzae,fungi,magnaporthe oryzae,magnaporthe,utilization,xylan,0.9,protein annotation (predicted),False,GCF_000002495.2,data/genomes_fungi/magnaporthe_oryzae/GCF_000002495.2/ncbi_dataset/data/GCF_000002495.2/protein.faa
FG_magnaporthe_oryzae_GCF_000002495.2,FG_magnaporthe_oryzae_GCF_000002495.2 | magnaporthe oryzae,fungi,magnaporthe oryzae,magnaporthe,utilization,starch,0.9,protein annotation (predicted),False,GCF_000002495.2,data/genomes_fungi/magnaporthe_oryzae/GCF_000002495.2/ncbi_dataset/data/GCF_000002495.2/protein.faa
FG_magnaporthe_oryzae_GCF_000002495.2,FG_magnaporthe_oryzae_GCF_000002495.2 | magnaporthe oryzae,fungi,magnaporthe oryzae,magnaporthe,utilization,chitin,0.9,protein annotation (predicted),False,GCF_000002495.2,data/genomes_fungi/magnaporthe_oryzae/GCF_000002495.2/ncbi_dataset/data/GCF_000002495.2/protein.faa
FG_magnaporthe_oryzae_GCF_000002495.2,FG_magnaporthe_oryzae_GCF_000002495.2 | magnaporthe oryzae,fungi,magnaporthe oryzae,magnaporthe,utilization,pectin,0.875,protein annotation (predicted),False,GCF_000002495.2,data/genomes_fungi/magnaporthe_oryzae/GCF_000002495.2/ncbi_dataset/data/GCF_000002495.2/protein.faa
FG_magnaporthe_oryzae_GCF_000002495.2,FG_magnaporthe_oryzae_GCF_000002495.2 | magnaporthe oryzae,fungi,magnaporthe oryzae,magnaporthe,utilization,lactose,0.9,protein annotation (predicted),False,GCF_000002495.2,data/genomes_fungi/magnaporthe_oryzae/GCF_000002495.2/ncbi_dataset/data/GCF_000002495.2/protein.faa
FG_magnaporthe_oryzae_GCF_000002495.2,FG_magnaporthe_oryzae_GCF_000002495.2 | magnaporthe oryzae,fungi,magnaporthe oryzae,magnaporthe,utilization,sucrose,0.75,protein annotation (predicted),False,GCF_000002495.2,data/genomes_fungi/magnaporthe_oryzae/GCF_000002495.2/ncbi_dataset/data/GCF_000002495.2/protein.faa
FG_magnaporthe_oryzae_GCF_000002495.2,FG_magnaporthe_oryzae_GCF_000002495.2 | magnaporthe oryzae,fungi,magnaporthe oryzae,magnaporthe,utilization,mannan,0.9,protein annotation (predicted),False,GCF_000002495.2,data/genomes_fungi/magnaporthe_oryzae/GCF_000002495.2/ncbi_dataset/data/GCF_000002495.2/protein.faa
FG_magnaporthe_oryzae_GCF_000002495.2,FG_magnaporthe_oryzae_GCF_000002495.2 | magnaporthe oryzae,fungi,magnaporthe oryzae,magnaporthe,utilization,arabinose,0.9,protein annotation (predicted),False,GCF_000002495.2,data/genomes_fungi/magnaporthe_oryzae/GCF_000002495.2/ncbi_dataset/data/GCF_000002495.2/protein.faa
FG_magnaporthe_oryzae_GCF_000002495.2,FG_magnaporthe_oryzae_GCF_000002495.2 | magnaporthe oryzae,fungi,magnaporthe oryzae,magnaporthe,utilization,glucose,0.875,protein annotation (predicted),False,GCF_000002495.2,data/genomes_fungi/magnaporthe_oryzae/GCF_000002495.2/ncbi_dataset/data/GCF_000002495.2/protein.faa
FG_magnaporthe_oryzae_GCF_000002495.2,FG_magnaporthe_oryzae_GCF_000002495.2 | magnaporthe oryzae,fungi,magnaporthe oryzae,magnaporthe,utilization,fructose,0.9,protein annotation (predicted),False,GCF_000002495.2,data/genomes_fungi/magnaporthe_oryzae/GCF_000002495.2/ncbi_dataset/data/GCF_000002495.2/protein.faa
FG_magnaporthe_oryzae_GCF_000002495.2,FG_magnaporthe_oryzae_GCF_000002495.2 | magnaporthe oryzae,fungi,magnaporthe oryzae,magnaporthe,utilization,maltose,0.9,protein annotation (predicted),False,GCF_000002495.2,data/genomes_fungi/magnaporthe_oryzae/GCF_000002495.2/ncbi_dataset/data/GCF_000002495.2/protein.faa
FG_neurospora_crassa_GCF_000182925.2,FG_neurospora_crassa_GCF_000182925.2 | neurospora crassa,fungi,neurospora crassa,neurospora,utilization,cellulose,0.9,protein annotation (predicted),False,GCF_000182925.2,data/genomes_fungi/neurospora_crassa/GCF_000182925.2/ncbi_dataset/data/GCF_000182925.2/protein.faa
FG_neurospora_crassa_GCF_000182925.2,FG_neurospora_crassa_GCF_000182925.2 | neurospora crassa,fungi,neurospora crassa,neurospora,utilization,xylan,0.9,protein annotation (predicted),False,GCF_000182925.2,data/genomes_fungi/neurospora_crassa/GCF_000182925.2/ncbi_dataset/data/GCF_000182925.2/protein.faa
FG_neurospora_crassa_GCF_000182925.2,FG_neurospora_crassa_GCF_000182925.2 | neurospora crassa,fungi,neurospora crassa,neurospora,utilization,starch,0.9,protein annotation (predicted),False,GCF_000182925.2,data/genomes_fungi/neurospora_crassa/GCF_000182925.2/ncbi_dataset/data/GCF_000182925.2/protein.faa
FG_neurospora_crassa_GCF_000182925.2,FG_neurospora_crassa_GCF_000182925.2 | neurospora crassa,fungi,neurospora crassa,neurospora,utilization,chitin,0.9,protein annotation (predicted),False,GCF_000182925.2,data/genomes_fungi/neurospora_crassa/GCF_000182925.2/ncbi_dataset/data/GCF_000182925.2/protein.faa
FG_neurospora_crassa_GCF_000182925.2,FG_neurospora_crassa_GCF_000182925.2 | neurospora crassa,fungi,neurospora crassa,neurospora,utilization,pectin,0.9,protein annotation (predicted),False,GCF_000182925.2,data/genomes_fungi/neurospora_crassa/GCF_000182925.2/ncbi_dataset/data/GCF_000182925.2/protein.faa
FG_neurospora_crassa_GCF_000182925.2,FG_neurospora_crassa_GCF_000182925.2 | neurospora crassa,fungi,neurospora crassa,neurospora,utilization,lactose,0.9,protein annotation (predicted),False,GCF_000182925.2,data/genomes_fungi/neurospora_crassa/GCF_000182925.2/ncbi_dataset/data/GCF_000182925.2/protein.faa
FG_neurospora_crassa_GCF_000182925.2,FG_neurospora_crassa_GCF_000182925.2 | neurospora crassa,fungi,neurospora crassa,neurospora,utilization,sucrose,0.9,protein annotation (predicted),False,GCF_000182925.2,data/genomes_fungi/neurospora_crassa/GCF_000182925.2/ncbi_dataset/data/GCF_000182925.2/protein.faa
FG_neurospora_crassa_GCF_000182925.2,FG_neurospora_crassa_GCF_000182925.2 | neurospora crassa,fungi,neurospora crassa,neurospora,utilization,mannan,0.9,protein annotation (predicted),False,GCF_000182925.2,data/genomes_fungi/neurospora_crassa/GCF_000182925.2/ncbi_dataset/data/GCF_000182925.2/protein.faa
FG_neurospora_crassa_GCF_000182925.2,FG_neurospora_crassa_GCF_000182925.2 | neurospora crassa,fungi,neurospora crassa,neurospora,utilization,arabinose,0.9,protein annotation (predicted),False,GCF_000182925.2,data/genomes_fungi/neurospora_crassa/GCF_000182925.2/ncbi_dataset/data/GCF_000182925.2/protein.faa
FG_neurospora_crassa_GCF_000182925.2,FG_neurospora_crassa_GCF_000182925.2 | neurospora crassa,fungi,neurospora crassa,neurospora,utilization,glucose,0.9,protein annotation (predicted),False,GCF_000182925.2,data/genomes_fungi/neurospora_crassa/GCF_000182925.2/ncbi_dataset/data/GCF_000182925.2/protein.faa
FG_neurospora_crassa_GCF_000182925.2,FG_neurospora_crassa_GCF_000182925.2 | neurospora crassa,fungi,neurospora crassa,neurospora,utilization,fructose,0.9,protein annotation (predicted),False,GCF_000182925.2,data/genomes_fungi/neurospora_crassa/GCF_000182925.2/ncbi_dataset/data/GCF_000182925.2/protein.faa
FG_neurospora_crassa_GCF_000182925.2,FG_neurospora_crassa_GCF_000182925.2 | neurospora crassa,fungi,neurospora crassa,neurospora,utilization,maltose,0.875,protein annotation (predicted),False,GCF_000182925.2,data/genomes_fungi/neurospora_crassa/GCF_000182925.2/ncbi_dataset/data/GCF_000182925.2/protein.faa
FG_penicillium_rubens_GCF_028828025.1,FG_penicillium_rubens_GCF_028828025.1 | penicillium rubens,fungi,penicillium rubens,penicillium,utilization,cellulose,0.9,protein annotation (predicted),False,GCF_028828025.1,data/genomes_fungi/penicillium_rubens/GCF_028828025.1/ncbi_dataset/data/GCF_028828025.1/protein.faa
FG_penicillium_rubens_GCF_028828025.1,FG_penicillium_rubens_GCF_028828025.1 | penicillium rubens,fungi,penicillium rubens,penicillium,utilization,xylan,0.9,protein annotation (predicted),False,GCF_028828025.1,data/genomes_fungi/penicillium_rubens/GCF_028828025.1/ncbi_dataset/data/GCF_028828025.1/protein.faa
FG_penicillium_rubens_GCF_028828025.1,FG_penicillium_rubens_GCF_028828025.1 | penicillium rubens,fungi,penicillium rubens,penicillium,utilization,starch,0.9,protein annotation (predicted),False,GCF_028828025.1,data/genomes_fungi/penicillium_rubens/GCF_028828025.1/ncbi_dataset/data/GCF_028828025.1/protein.faa
FG_penicillium_rubens_GCF_028828025.1,FG_penicillium_rubens_GCF_028828025.1 | penicillium rubens,fungi,penicillium rubens,penicillium,utilization,chitin,0.9,protein annotation (predicted),False,GCF_028828025.1,data/genomes_fungi/penicillium_rubens/GCF_028828025.1/ncbi_dataset/data/GCF_028828025.1/protein.faa
FG_penicillium_rubens_GCF_028828025.1,FG_penicillium_rubens_GCF_028828025.1 | penicillium rubens,fungi,penicillium rubens,penicillium,utilization,pectin,0.9,protein annotation (predicted),False,GCF_028828025.1,data/genomes_fungi/penicillium_rubens/GCF_028828025.1/ncbi_dataset/data/GCF_028828025.1/protein.faa
FG_penicillium_rubens_GCF_028828025.1,FG_penicillium_rubens_GCF_028828025.1 | penicillium rubens,fungi,penicillium rubens,penicillium,utilization,lactose,0.9,protein annotation (predicted),False,GCF_028828025.1,data/genomes_fungi/penicillium_rubens/GCF_028828025.1/ncbi_dataset/data/GCF_028828025.1/protein.faa
FG_penicillium_rubens_GCF_028828025.1,FG_penicillium_rubens_GCF_028828025.1 | penicillium rubens,fungi,penicillium rubens,penicillium,utilization,sucrose,0.9,protein annotation (predicted),False,GCF_028828025.1,data/genomes_fungi/penicillium_rubens/GCF_028828025.1/ncbi_dataset/data/GCF_028828025.1/protein.faa
FG_penicillium_rubens_GCF_028828025.1,FG_penicillium_rubens_GCF_028828025.1 | penicillium rubens,fungi,penicillium rubens,penicillium,utilization,mannan,0.875,protein annotation (predicted),False,GCF_028828025.1,data/genomes_fungi/penicillium_rubens/GCF_028828025.1/ncbi_dataset/data/GCF_028828025.1/protein.faa
FG_penicillium_rubens_GCF_028828025.1,FG_penicillium_rubens_GCF_028828025.1 | penicillium rubens,fungi,penicillium rubens,penicillium,utilization,arabinose,0.9,protein annotation (predicted),False,GCF_028828025.1,data/genomes_fungi/penicillium_rubens/GCF_028828025.1/ncbi_dataset/data/GCF_028828025.1/protein.faa
FG_penicillium_rubens_GCF_028828025.1,FG_penicillium_rubens_GCF_028828025.1 | penicillium rubens,fungi,penicillium rubens,penicillium,utilization,glucose,0.9,protein annotation (predicted),False,GCF_028828025.1,data/genomes_fungi/penicillium_rubens/GCF_028828025.1/ncbi_dataset/data/GCF_028828025.1/protein.faa
FG_penicillium_rubens_GCF_028828025.1,FG_penicillium_rubens_GCF_028828025.1 | penicillium rubens,fungi,penicillium rubens,penicillium,utilization,fructose,0.9,protein annotation (predicted),False,GCF_028828025.1,data/genomes_fungi/penicillium_rubens/GCF_028828025.1/ncbi_dataset/data/GCF_028828025.1/protein.faa
FG_penicillium_rubens_GCF_028828025.1,FG_penicillium_rubens_GCF_028828025.1 | penicillium rubens,fungi,penicillium rubens,penicillium,utilization,maltose,0.875,protein annotation (predicted),False,GCF_028828025.1,data/genomes_fungi/penicillium_rubens/GCF_028828025.1/ncbi_dataset/data/GCF_028828025.1/protein.faa
FG_phanerochaete_chrysosporium_GCF_000271605.1,FG_phanerochaete_chrysosporium_GCF_000271605.1 | phanerochaete chrysosporium,fungi,phanerochaete chrysosporium,phanerochaete,utilization,cellulose,0.9,protein annotation (predicted),False,GCF_000271605.1,data/genomes_fungi/phanerochaete_chrysosporium/GCF_000271605.1/ncbi_dataset/data/GCF_000271605.1/protein.faa
FG_phanerochaete_chrysosporium_GCF_000271605.1,FG_phanerochaete_chrysosporium_GCF_000271605.1 | phanerochaete chrysosporium,fungi,phanerochaete chrysosporium,phanerochaete,utilization,xylan,0.75,protein annotation (predicted),False,GCF_000271605.1,data/genomes_fungi/phanerochaete_chrysosporium/GCF_000271605.1/ncbi_dataset/data/GCF_000271605.1/protein.faa
FG_phanerochaete_chrysosporium_GCF_000271605.1,FG_phanerochaete_chrysosporium_GCF_000271605.1 | phanerochaete chrysosporium,fungi,phanerochaete chrysosporium,phanerochaete,utilization,starch,0.875,protein annotation (predicted),False,GCF_000271605.1,data/genomes_fungi/phanerochaete_chrysosporium/GCF_000271605.1/ncbi_dataset/data/GCF_000271605.1/protein.faa
FG_phanerochaete_chrysosporium_GCF_000271605.1,FG_phanerochaete_chrysosporium_GCF_000271605.1 | phanerochaete chrysosporium,fungi,phanerochaete chrysosporium,phanerochaete,utilization,chitin,0.9,protein annotation (predicted),False,GCF_000271605.1,data/genomes_fungi/phanerochaete_chrysosporium/GCF_000271605.1/ncbi_dataset/data/GCF_000271605.1/protein.faa
FG_phanerochaete_chrysosporium_GCF_000271605.1,FG_phanerochaete_chrysosporium_GCF_000271605.1 | phanerochaete chrysosporium,fungi,phanerochaete chrysosporium,phanerochaete,utilization,pectin,0.75,protein annotation (predicted),False,GCF_000271605.1,data/genomes_fungi/phanerochaete_chrysosporium/GCF_000271605.1/ncbi_dataset/data/GCF_000271605.1/protein.faa
FG_phanerochaete_chrysosporium_GCF_000271605.1,FG_phanerochaete_chrysosporium_GCF_000271605.1 | phanerochaete chrysosporium,fungi,phanerochaete chrysosporium,phanerochaete,utilization,lactose,0.9,protein annotation (predicted),False,GCF_000271605.1,data/genomes_fungi/phanerochaete_chrysosporium/GCF_000271605.1/ncbi_dataset/data/GCF_000271605.1/protein.faa
FG_phanerochaete_chrysosporium_GCF_000271605.1,FG_phanerochaete_chrysosporium_GCF_000271605.1 | phanerochaete chrysosporium,fungi,phanerochaete chrysosporium,phanerochaete,utilization,sucrose,0.75,protein annotation (predicted),False,GCF_000271605.1,data/genomes_fungi/phanerochaete_chrysosporium/GCF_000271605.1/ncbi_dataset/data/GCF_000271605.1/protein.faa
FG_phanerochaete_chrysosporium_GCF_000271605.1,FG_phanerochaete_chrysosporium_GCF_000271605.1 | phanerochaete chrysosporium,fungi,phanerochaete chrysosporium,phanerochaete,utilization,mannan,0.875,protein annotation (predicted),False,GCF_000271605.1,data/genomes_fungi/phanerochaete_chrysosporium/GCF_000271605.1/ncbi_dataset/data/GCF_000271605.1/protein.faa
FG_phanerochaete_chrysosporium_GCF_000271605.1,FG_phanerochaete_chrysosporium_GCF_000271605.1 | phanerochaete chrysosporium,fungi,phanerochaete chrysosporium,phanerochaete,utilization,glucose,0.75,protein annotation (predicted),False,GCF_000271605.1,data/genomes_fungi/phanerochaete_chrysosporium/GCF_000271605.1/ncbi_dataset/data/GCF_000271605.1/protein.faa
FG_phanerochaete_chrysosporium_GCF_000271605.1,FG_phanerochaete_chrysosporium_GCF_000271605.1 | phanerochaete chrysosporium,fungi,phanerochaete chrysosporium,phanerochaete,utilization,fructose,0.9,protein annotation (predicted),False,GCF_000271605.1,data/genomes_fungi/phanerochaete_chrysosporium/GCF_000271605.1/ncbi_dataset/data/GCF_000271605.1/protein.faa
FG_pleurotus_ostreatus_GCF_014466175.1,FG_pleurotus_ostreatus_GCF_014466175.1 | pleurotus ostreatus,fungi,pleurotus ostreatus,pleurotus,utilization,cellulose,0.5,protein annotation (predicted),False,GCF_014466175.1,data/genomes_fungi/pleurotus_ostreatus/GCF_014466175.1/ncbi_dataset/data/GCF_014466175.1/protein.faa
FG_pleurotus_ostreatus_GCF_014466175.1,FG_pleurotus_ostreatus_GCF_014466175.1 | pleurotus ostreatus,fungi,pleurotus ostreatus,pleurotus,utilization,starch,0.9,protein annotation (predicted),False,GCF_014466175.1,data/genomes_fungi/pleurotus_ostreatus/GCF_014466175.1/ncbi_dataset/data/GCF_014466175.1/protein.faa
FG_pleurotus_ostreatus_GCF_014466175.1,FG_pleurotus_ostreatus_GCF_014466175.1 | pleurotus ostreatus,fungi,pleurotus ostreatus,pleurotus,utilization,chitin,0.9,protein annotation (predicted),False,GCF_014466175.1,data/genomes_fungi/pleurotus_ostreatus/GCF_014466175.1/ncbi_dataset/data/GCF_014466175.1/protein.faa
FG_pleurotus_ostreatus_GCF_014466175.1,FG_pleurotus_ostreatus_GCF_014466175.1 | pleurotus ostreatus,fungi,pleurotus ostreatus,pleurotus,utilization,lactose,0.9,protein annotation (predicted),False,GCF_014466175.1,data/genomes_fungi/pleurotus_ostreatus/GCF_014466175.1/ncbi_dataset/data/GCF_014466175.1/protein.faa
FG_pleurotus_ostreatus_GCF_014466175.1,FG_pleurotus_ostreatus_GCF_014466175.1 | pleurotus ostreatus,fungi,pleurotus ostreatus,pleurotus,utilization,mannan,0.9,protein annotation (predicted),False,GCF_014466175.1,data/genomes_fungi/pleurotus_ostreatus/GCF_014466175.1/ncbi_dataset/data/GCF_014466175.1/protein.faa
FG_pleurotus_ostreatus_GCF_014466175.1,FG_pleurotus_ostreatus_GCF_014466175.1 | pleurotus ostreatus,fungi,pleurotus ostreatus,pleurotus,utilization,glucose,0.9,protein annotation (predicted),False,GCF_014466175.1,data/genomes_fungi/pleurotus_ostreatus/GCF_014466175.1/ncbi_dataset/data/GCF_014466175.1/protein.faa
FG_pleurotus_ostreatus_GCF_014466175.1,FG_pleurotus_ostreatus_GCF_014466175.1 | pleurotus ostreatus,fungi,pleurotus ostreatus,pleurotus,utilization,fructose,0.9,protein annotation (predicted),False,GCF_014466175.1,data/genomes_fungi/pleurotus_ostreatus/GCF_014466175.1/ncbi_dataset/data/GCF_014466175.1/protein.faa
FG_postia_placenta_GCF_000235565.1,FG_postia_placenta_GCF_000235565.1 | postia placenta,fungi,postia placenta,postia,utilization,cellulose,0.75,protein annotation (predicted),False,GCF_000235565.1,data/genomes_fungi/postia_placenta/GCF_000235565.1/ncbi_dataset/data/GCF_000235565.1/protein.faa
FG_postia_placenta_GCF_000235565.1,FG_postia_placenta_GCF_000235565.1 | postia placenta,fungi,postia placenta,postia,utilization,starch,0.5,protein annotation (predicted),False,GCF_000235565.1,data/genomes_fungi/postia_placenta/GCF_000235565.1/ncbi_dataset/data/GCF_000235565.1/protein.faa
FG_postia_placenta_GCF_000235565.1,FG_postia_placenta_GCF_000235565.1 | postia placenta,fungi,postia placenta,postia,utilization,lactose,0.5,protein annotation (predicted),False,GCF_000235565.1,data/genomes_fungi/postia_placenta/GCF_000235565.1/ncbi_dataset/data/GCF_000235565.1/protein.faa
FG_postia_placenta_GCF_000235565.1,FG_postia_placenta_GCF_000235565.1 | postia placenta,fungi,postia placenta,postia,utilization,glucose,0.75,protein annotation (predicted),False,GCF_000235565.1,data/genomes_fungi/postia_placenta/GCF_000235565.1/ncbi_dataset/data/GCF_000235565.1/protein.faa
FG_postia_placenta_GCF_000235565.1,FG_postia_placenta_GCF_000235565.1 | postia placenta,fungi,postia placenta,postia,utilization,fructose,0.9,protein annotation (predicted),False,GCF_000235565.1,data/genomes_fungi/postia_placenta/GCF_000235565.1/ncbi_dataset/data/GCF_000235565.1/protein.faa
FG_rhizopus_delemar_GCF_000149305.1,FG_rhizopus_delemar_GCF_000149305.1 | rhizopus delemar,fungi,rhizopus delemar,rhizopus,utilization,starch,0.5,protein annotation (predicted),False,GCF_000149305.1,data/genomes_fungi/rhizopus_delemar/GCF_000149305.1/ncbi_dataset/data/GCF_000149305.1/protein.faa
FG_rhizopus_delemar_GCF_000149305.1,FG_rhizopus_delemar_GCF_000149305.1 | rhizopus delemar,fungi,rhizopus delemar,rhizopus,utilization,chitin,0.9,protein annotation (predicted),False,GCF_000149305.1,data/genomes_fungi/rhizopus_delemar/GCF_000149305.1/ncbi_dataset/data/GCF_000149305.1/protein.faa
FG_rhizopus_delemar_GCF_000149305.1,FG_rhizopus_delemar_GCF_000149305.1 | rhizopus delemar,fungi,rhizopus delemar,rhizopus,utilization,pectin,0.5,protein annotation (predicted),False,GCF_000149305.1,data/genomes_fungi/rhizopus_delemar/GCF_000149305.1/ncbi_dataset/data/GCF_000149305.1/protein.faa
FG_rhizopus_delemar_GCF_000149305.1,FG_rhizopus_delemar_GCF_000149305.1 | rhizopus delemar,fungi,rhizopus delemar,rhizopus,utilization,lactose,0.75,protein annotation (predicted),False,GCF_000149305.1,data/genomes_fungi/rhizopus_delemar/GCF_000149305.1/ncbi_dataset/data/GCF_000149305.1/protein.faa
FG_rhizopus_delemar_GCF_000149305.1,FG_rhizopus_delemar_GCF_000149305.1 | rhizopus delemar,fungi,rhizopus delemar,rhizopus,utilization,glucose,0.9,protein annotation (predicted),False,GCF_000149305.1,data/genomes_fungi/rhizopus_delemar/GCF_000149305.1/ncbi_dataset/data/GCF_000149305.1/protein.faa
FG_rhizopus_delemar_GCF_000149305.1,FG_rhizopus_delemar_GCF_000149305.1 | rhizopus delemar,fungi,rhizopus delemar,rhizopus,utilization,fructose,0.9,protein annotation (predicted),False,GCF_000149305.1,data/genomes_fungi/rhizopus_delemar/GCF_000149305.1/ncbi_dataset/data/GCF_000149305.1/protein.faa
FG_saccharomyces_cerevisiae_GCF_000146045.2,FG_saccharomyces_cerevisiae_GCF_000146045.2 | saccharomyces cerevisiae,fungi,saccharomyces cerevisiae,saccharomyces,utilization,starch,0.875,protein annotation (predicted),False,GCF_000146045.2,data/genomes_fungi/saccharomyces_cerevisiae/GCF_000146045.2/ncbi_dataset/data/GCF_000146045.2/protein.faa
FG_saccharomyces_cerevisiae_GCF_000146045.2,FG_saccharomyces_cerevisiae_GCF_000146045.2 | saccharomyces cerevisiae,fungi,saccharomyces cerevisiae,saccharomyces,utilization,chitin,0.9,protein annotation (predicted),False,GCF_000146045.2,data/genomes_fungi/saccharomyces_cerevisiae/GCF_000146045.2/ncbi_dataset/data/GCF_000146045.2/protein.faa
FG_saccharomyces_cerevisiae_GCF_000146045.2,FG_saccharomyces_cerevisiae_GCF_000146045.2 | saccharomyces cerevisiae,fungi,saccharomyces cerevisiae,saccharomyces,utilization,pectin,0.5,protein annotation (predicted),False,GCF_000146045.2,data/genomes_fungi/saccharomyces_cerevisiae/GCF_000146045.2/ncbi_dataset/data/GCF_000146045.2/protein.faa
FG_saccharomyces_cerevisiae_GCF_000146045.2,FG_saccharomyces_cerevisiae_GCF_000146045.2 | saccharomyces cerevisiae,fungi,saccharomyces cerevisiae,saccharomyces,utilization,lactose,0.875,protein annotation (predicted),False,GCF_000146045.2,data/genomes_fungi/saccharomyces_cerevisiae/GCF_000146045.2/ncbi_dataset/data/GCF_000146045.2/protein.faa
FG_saccharomyces_cerevisiae_GCF_000146045.2,FG_saccharomyces_cerevisiae_GCF_000146045.2 | saccharomyces cerevisiae,fungi,saccharomyces cerevisiae,saccharomyces,utilization,mannan,0.9,protein annotation (predicted),False,GCF_000146045.2,data/genomes_fungi/saccharomyces_cerevisiae/GCF_000146045.2/ncbi_dataset/data/GCF_000146045.2/protein.faa
FG_saccharomyces_cerevisiae_GCF_000146045.2,FG_saccharomyces_cerevisiae_GCF_000146045.2 | saccharomyces cerevisiae,fungi,saccharomyces cerevisiae,saccharomyces,utilization,arabinose,0.75,protein annotation (predicted),False,GCF_000146045.2,data/genomes_fungi/saccharomyces_cerevisiae/GCF_000146045.2/ncbi_dataset/data/GCF_000146045.2/protein.faa
FG_saccharomyces_cerevisiae_GCF_000146045.2,FG_saccharomyces_cerevisiae_GCF_000146045.2 | saccharomyces cerevisiae,fungi,saccharomyces cerevisiae,saccharomyces,utilization,glucose,0.9,protein annotation (predicted),False,GCF_000146045.2,data/genomes_fungi/saccharomyces_cerevisiae/GCF_000146045.2/ncbi_dataset/data/GCF_000146045.2/protein.faa
FG_saccharomyces_cerevisiae_GCF_000146045.2,FG_saccharomyces_cerevisiae_GCF_000146045.2 | saccharomyces cerevisiae,fungi,saccharomyces cerevisiae,saccharomyces,utilization,fructose,0.9,protein annotation (predicted),False,GCF_000146045.2,data/genomes_fungi/saccharomyces_cerevisiae/GCF_000146045.2/ncbi_dataset/data/GCF_000146045.2/protein.faa
FG_saccharomyces_cerevisiae_GCF_000146045.2,FG_saccharomyces_cerevisiae_GCF_000146045.2 | saccharomyces cerevisiae,fungi,saccharomyces cerevisiae,saccharomyces,utilization,maltose,0.75,protein annotation (predicted),False,GCF_000146045.2,data/genomes_fungi/saccharomyces_cerevisiae/GCF_000146045.2/ncbi_dataset/data/GCF_000146045.2/protein.faa
FG_schizophyllum_commune_GCF_000143185.2,FG_schizophyllum_commune_GCF_000143185.2 | schizophyllum commune,fungi,schizophyllum commune,schizophyllum,utilization,cellulose,0.9,protein annotation (predicted),False,GCF_000143185.2,data/genomes_fungi/schizophyllum_commune/GCF_000143185.2/ncbi_dataset/data/GCF_000143185.2/protein.faa
FG_schizophyllum_commune_GCF_000143185.2,FG_schizophyllum_commune_GCF_000143185.2 | schizophyllum commune,fungi,schizophyllum commune,schizophyllum,utilization,starch,0.75,protein annotation (predicted),False,GCF_000143185.2,data/genomes_fungi/schizophyllum_commune/GCF_000143185.2/ncbi_dataset/data/GCF_000143185.2/protein.faa
FG_schizophyllum_commune_GCF_000143185.2,FG_schizophyllum_commune_GCF_000143185.2 | schizophyllum commune,fungi,schizophyllum commune,schizophyllum,utilization,chitin,0.5,protein annotation (predicted),False,GCF_000143185.2,data/genomes_fungi/schizophyllum_commune/GCF_000143185.2/ncbi_dataset/data/GCF_000143185.2/protein.faa
FG_schizophyllum_commune_GCF_000143185.2,FG_schizophyllum_commune_GCF_000143185.2 | schizophyllum commune,fungi,schizophyllum commune,schizophyllum,utilization,lactose,0.9,protein annotation (predicted),False,GCF_000143185.2,data/genomes_fungi/schizophyllum_commune/GCF_000143185.2/ncbi_dataset/data/GCF_000143185.2/protein.faa
FG_schizophyllum_commune_GCF_000143185.2,FG_schizophyllum_commune_GCF_000143185.2 | schizophyllum commune,fungi,schizophyllum commune,schizophyllum,utilization,sucrose,0.9,protein annotation (predicted),False,GCF_000143185.2,data/genomes_fungi/schizophyllum_commune/GCF_000143185.2/ncbi_dataset/data/GCF_000143185.2/protein.faa
FG_schizophyllum_commune_GCF_000143185.2,FG_schizophyllum_commune_GCF_000143185.2 | schizophyllum commune,fungi,schizophyllum commune,schizophyllum,utilization,glucose,0.75,protein annotation (predicted),False,GCF_000143185.2,data/genomes_fungi/schizophyllum_commune/GCF_000143185.2/ncbi_dataset/data/GCF_000143185.2/protein.faa
FG_schizophyllum_commune_GCF_000143185.2,FG_schizophyllum_commune_GCF_000143185.2 | schizophyllum commune,fungi,schizophyllum commune,schizophyllum,utilization,fructose,0.9,protein annotation (predicted),False,GCF_000143185.2,data/genomes_fungi/schizophyllum_commune/GCF_000143185.2/ncbi_dataset/data/GCF_000143185.2/protein.faa
FG_schizosaccharomyces_pombe_GCF_000002945.1,FG_schizosaccharomyces_pombe_GCF_000002945.1 | schizosaccharomyces pombe,fungi,schizosaccharomyces pombe,schizosaccharomyces,utilization,starch,0.9,protein annotation (predicted),False,GCF_000002945.1,data/genomes_fungi/schizosaccharomyces_pombe/GCF_000002945.1/ncbi_dataset/data/GCF_000002945.1/protein.faa
FG_schizosaccharomyces_pombe_GCF_000002945.1,FG_schizosaccharomyces_pombe_GCF_000002945.1 | schizosaccharomyces pombe,fungi,schizosaccharomyces pombe,schizosaccharomyces,utilization,chitin,0.9,protein annotation (predicted),False,GCF_000002945.1,data/genomes_fungi/schizosaccharomyces_pombe/GCF_000002945.1/ncbi_dataset/data/GCF_000002945.1/protein.faa
FG_schizosaccharomyces_pombe_GCF_000002945.1,FG_schizosaccharomyces_pombe_GCF_000002945.1 | schizosaccharomyces pombe,fungi,schizosaccharomyces pombe,schizosaccharomyces,utilization,lactose,0.9,protein annotation (predicted),False,GCF_000002945.1,data/genomes_fungi/schizosaccharomyces_pombe/GCF_000002945.1/ncbi_dataset/data/GCF_000002945.1/protein.faa
FG_schizosaccharomyces_pombe_GCF_000002945.1,FG_schizosaccharomyces_pombe_GCF_000002945.1 | schizosaccharomyces pombe,fungi,schizosaccharomyces pombe,schizosaccharomyces,utilization,sucrose,0.75,protein annotation (predicted),False,GCF_000002945.1,data/genomes_fungi/schizosaccharomyces_pombe/GCF_000002945.1/ncbi_dataset/data/GCF_000002945.1/protein.faa
FG_schizosaccharomyces_pombe_GCF_000002945.1,FG_schizosaccharomyces_pombe_GCF_000002945.1 | schizosaccharomyces pombe,fungi,schizosaccharomyces pombe,schizosaccharomyces,utilization,mannan,0.9,protein annotation (predicted),False,GCF_000002945.1,data/genomes_fungi/schizosaccharomyces_pombe/GCF_000002945.1/ncbi_dataset/data/GCF_000002945.1/protein.faa
FG_schizosaccharomyces_pombe_GCF_000002945.1,FG_schizosaccharomyces_pombe_GCF_000002945.1 | schizosaccharomyces pombe,fungi,schizosaccharomyces pombe,schizosaccharomyces,utilization,arabinose,0.875,protein annotation (predicted),False,GCF_000002945.1,data/genomes_fungi/schizosaccharomyces_pombe/GCF_000002945.1/ncbi_dataset/data/GCF_000002945.1/protein.faa
FG_schizosaccharomyces_pombe_GCF_000002945.1,FG_schizosaccharomyces_pombe_GCF_000002945.1 | schizosaccharomyces pombe,fungi,schizosaccharomyces pombe,schizosaccharomyces,utilization,glucose,0.9,protein annotation (predicted),False,GCF_000002945.1,data/genomes_fungi/schizosaccharomyces_pombe/GCF_000002945.1/ncbi_dataset/data/GCF_000002945.1/protein.faa
FG_schizosaccharomyces_pombe_GCF_000002945.1,FG_schizosaccharomyces_pombe_GCF_000002945.1 | schizosaccharomyces pombe,fungi,schizosaccharomyces pombe,schizosaccharomyces,utilization,fructose,0.9,protein annotation (predicted),False,GCF_000002945.1,data/genomes_fungi/schizosaccharomyces_pombe/GCF_000002945.1/ncbi_dataset/data/GCF_000002945.1/protein.faa
FG_schizosaccharomyces_pombe_GCF_000002945.1,FG_schizosaccharomyces_pombe_GCF_000002945.1 | schizosaccharomyces pombe,fungi,schizosaccharomyces pombe,schizosaccharomyces,utilization,maltose,0.75,protein annotation (predicted),False,GCF_000002945.1,data/genomes_fungi/schizosaccharomyces_pombe/GCF_000002945.1/ncbi_dataset/data/GCF_000002945.1/protein.faa
FG_trichoderma_reesei_GCF_000167675.1,FG_trichoderma_reesei_GCF_000167675.1 | trichoderma reesei,fungi,trichoderma reesei,trichoderma,utilization,cellulose,0.9,protein annotation (predicted),False,GCF_000167675.1,data/genomes_fungi/trichoderma_reesei/GCF_000167675.1/ncbi_dataset/data/GCF_000167675.1/protein.faa
FG_trichoderma_reesei_GCF_000167675.1,FG_trichoderma_reesei_GCF_000167675.1 | trichoderma reesei,fungi,trichoderma reesei,trichoderma,utilization,xylan,0.5,protein annotation (predicted),False,GCF_000167675.1,data/genomes_fungi/trichoderma_reesei/GCF_000167675.1/ncbi_dataset/data/GCF_000167675.1/protein.faa
FG_trichoderma_reesei_GCF_000167675.1,FG_trichoderma_reesei_GCF_000167675.1 | trichoderma reesei,fungi,trichoderma reesei,trichoderma,utilization,chitin,0.9,protein annotation (predicted),False,GCF_000167675.1,data/genomes_fungi/trichoderma_reesei/GCF_000167675.1/ncbi_dataset/data/GCF_000167675.1/protein.faa
FG_trichoderma_reesei_GCF_000167675.1,FG_trichoderma_reesei_GCF_000167675.1 | trichoderma reesei,fungi,trichoderma reesei,trichoderma,utilization,lactose,0.9,protein annotation (predicted),False,GCF_000167675.1,data/genomes_fungi/trichoderma_reesei/GCF_000167675.1/ncbi_dataset/data/GCF_000167675.1/protein.faa
FG_trichoderma_reesei_GCF_000167675.1,FG_trichoderma_reesei_GCF_000167675.1 | trichoderma reesei,fungi,trichoderma reesei,trichoderma,utilization,mannan,0.5,protein annotation (predicted),False,GCF_000167675.1,data/genomes_fungi/trichoderma_reesei/GCF_000167675.1/ncbi_dataset/data/GCF_000167675.1/protein.faa
FG_trichoderma_reesei_GCF_000167675.1,FG_trichoderma_reesei_GCF_000167675.1 | trichoderma reesei,fungi,trichoderma reesei,trichoderma,utilization,glucose,0.75,protein annotation (predicted),False,GCF_000167675.1,data/genomes_fungi/trichoderma_reesei/GCF_000167675.1/ncbi_dataset/data/GCF_000167675.1/protein.faa
FG_trichoderma_reesei_GCF_000167675.1,FG_trichoderma_reesei_GCF_000167675.1 | trichoderma reesei,fungi,trichoderma reesei,trichoderma,utilization,fructose,0.9,protein annotation (predicted),False,GCF_000167675.1,data/genomes_fungi/trichoderma_reesei/GCF_000167675.1/ncbi_dataset/data/GCF_000167675.1/protein.faa
FG_trichoderma_reesei_GCF_000167675.1,FG_trichoderma_reesei_GCF_000167675.1 | trichoderma reesei,fungi,trichoderma reesei,trichoderma,utilization,maltose,0.875,protein annotation (predicted),False,GCF_000167675.1,data/genomes_fungi/trichoderma_reesei/GCF_000167675.1/ncbi_dataset/data/GCF_000167675.1/protein.faa
FG_ustilago_maydis_GCF_000328475.2,FG_ustilago_maydis_GCF_000328475.2 | ustilago maydis,fungi,ustilago maydis,ustilago,utilization,cellulose,0.875,protein annotation (predicted),False,GCF_000328475.2,data/genomes_fungi/ustilago_maydis/GCF_000328475.2/ncbi_dataset/data/GCF_000328475.2/protein.faa
FG_ustilago_maydis_GCF_000328475.2,FG_ustilago_maydis_GCF_000328475.2 | ustilago maydis,fungi,ustilago maydis,ustilago,utilization,xylan,0.75,protein annotation (predicted),False,GCF_000328475.2,data/genomes_fungi/ustilago_maydis/GCF_000328475.2/ncbi_dataset/data/GCF_000328475.2/protein.faa
FG_ustilago_maydis_GCF_000328475.2,FG_ustilago_maydis_GCF_000328475.2 | ustilago maydis,fungi,ustilago maydis,ustilago,utilization,starch,0.875,protein annotation (predicted),False,GCF_000328475.2,data/genomes_fungi/ustilago_maydis/GCF_000328475.2/ncbi_dataset/data/GCF_000328475.2/protein.faa
FG_ustilago_maydis_GCF_000328475.2,FG_ustilago_maydis_GCF_000328475.2 | ustilago maydis,fungi,ustilago maydis,ustilago,utilization,chitin,0.9,protein annotation (predicted),False,GCF_000328475.2,data/genomes_fungi/ustilago_maydis/GCF_000328475.2/ncbi_dataset/data/GCF_000328475.2/protein.faa
FG_ustilago_maydis_GCF_000328475.2,FG_ustilago_maydis_GCF_000328475.2 | ustilago maydis,fungi,ustilago maydis,ustilago,utilization,pectin,0.5,protein annotation (predicted),False,GCF_000328475.2,data/genomes_fungi/ustilago_maydis/GCF_000328475.2/ncbi_dataset/data/GCF_000328475.2/protein.faa
FG_ustilago_maydis_GCF_000328475.2,FG_ustilago_maydis_GCF_000328475.2 | ustilago maydis,fungi,ustilago maydis,ustilago,utilization,lactose,0.75,protein annotation (predicted),False,GCF_000328475.2,data/genomes_fungi/ustilago_maydis/GCF_000328475.2/ncbi_dataset/data/GCF_000328475.2/protein.faa
FG_ustilago_maydis_GCF_000328475.2,FG_ustilago_maydis_GCF_000328475.2 | ustilago maydis,fungi,ustilago maydis,ustilago,utilization,sucrose,0.5,protein annotation (predicted),False,GCF_000328475.2,data/genomes_fungi/ustilago_maydis/GCF_000328475.2/ncbi_dataset/data/GCF_000328475.2/protein.faa
FG_ustilago_maydis_GCF_000328475.2,FG_ustilago_maydis_GCF_000328475.2 | ustilago maydis,fungi,ustilago maydis,ustilago,utilization,mannan,0.75,protein annotation (predicted),False,GCF_000328475.2,data/genomes_fungi/ustilago_maydis/GCF_000328475.2/ncbi_dataset/data/GCF_000328475.2/protein.faa
FG_ustilago_maydis_GCF_000328475.2,FG_ustilago_maydis_GCF_000328475.2 | ustilago maydis,fungi,ustilago maydis,ustilago,utilization,arabinose,0.9,protein annotation (predicted),False,GCF_000328475.2,data/genomes_fungi/ustilago_maydis/GCF_000328475.2/ncbi_dataset/data/GCF_000328475.2/protein.faa
FG_ustilago_maydis_GCF_000328475.2,FG_ustilago_maydis_GCF_000328475.2 | ustilago maydis,fungi,ustilago maydis,ustilago,utilization,glucose,0.875,protein annotation (predicted),False,GCF_000328475.2,data/genomes_fungi/ustilago_maydis/GCF_000328475.2/ncbi_dataset/data/GCF_000328475.2/protein.faa
FG_ustilago_maydis_GCF_000328475.2,FG_ustilago_maydis_GCF_000328475.2 | ustilago maydis,fungi,ustilago maydis,ustilago,utilization,fructose,0.9,protein annotation (predicted),False,GCF_000328475.2,data/genomes_fungi/ustilago_maydis/GCF_000328475.2/ncbi_dataset/data/GCF_000328475.2/protein.faa
FG_ustilago_maydis_GCF_000328475.2,FG_ustilago_maydis_GCF_000328475.2 | ustilago maydis,fungi,ustilago maydis,ustilago,utilization,maltose,0.75,protein annotation (predicted),False,GCF_000328475.2,data/genomes_fungi/ustilago_maydis/GCF_000328475.2/ncbi_dataset/data/GCF_000328475.2/protein.faa
